{
  "Ansi 5 Color" : {
    "Red Component" : 0.82171708345413208,
    "Color Space" : "sRGB",
    "Blue Component" : 0.89404469728469849,
    "Alpha Component" : 1,
    "Green Component" : 0.56925266981124878
  },
  "Tags" : [

  ],
  "Ansi 12 Color" : {
    "Red Component" : 0,
    "Color Space" : "sRGB",
    "Blue Component" : 0.63382488489151001,
    "Alpha Component" : 1,
    "Green Component" : 0.4038163423538208
  },
  "Transparency" : 0.0064332313144329894,
  "Draw Powerline Glyphs" : true,
  "Bold Color" : {
    "Red Component" : 0.72623991966247559,
    "Color Space" : "sRGB",
    "Blue Component" : 0.79459840059280396,
    "Alpha Component" : 1,
    "Green Component" : 0.75171965360641479
  },
  "Ansi 7 Color" : {
    "Red Component" : 0.81996774673461914,
    "Color Space" : "sRGB",
    "Blue Component" : 0.86090755462646484,
    "Alpha Component" : 1,
    "Green Component" : 0.83987277746200562
  },
  "Ansi 8 Color" : {
    "Red Component" : 0.35444772243499756,
    "Color Space" : "sRGB",
    "Blue Component" : 0.44422817230224609,
    "Alpha Component" : 1,
    "Green Component" : 0.38925802707672119
  },
  "Ansi 9 Color" : {
    "Red Component" : 0.94427675008773804,
    "Color Space" : "sRGB",
    "Blue Component" : 0.44781261682510376,
    "Alpha Component" : 1,
    "Green Component" : 0.38899171352386475
  },
  "Rows" : 48,
  "Default Bookmark" : "No",
  "Ansi 1 Color" : {
    "Red Component" : 0.94427675008773804,
    "Color Space" : "sRGB",
    "Blue Component" : 0.44781261682510376,
    "Alpha Component" : 1,
    "Green Component" : 0.38899171352386475
  },
  "Horizontal Spacing" : 1,
  "AWDS Tab Option" : "Recycle",
  "Cursor Guide Color" : {
    "Red Component" : 0.70213186740875244,
    "Color Space" : "sRGB",
    "Blue Component" : 1,
    "Alpha Component" : 0.25,
    "Green Component" : 0.9268307089805603
  },
  "Non-ASCII Anti Aliased" : true,
  "Use Bright Bold" : true,
  "Ansi 10 Color" : {
    "Red Component" : 0.65606218576431274,
    "Color Space" : "sRGB",
    "Blue Component" : 0.54745244979858398,
    "Alpha Component" : 1,
    "Green Component" : 0.79839777946472168
  },
  "Ambiguous Double Width" : false,
  "AWDS Pane Option" : "Recycle",
  "Jobs to Ignore" : [
    "rlogin",
    "ssh",
    "slogin",
    "telnet"
  ],
  "Ansi 15 Color" : {
    "Red Component" : 0.81996774673461914,
    "Color Space" : "sRGB",
    "Blue Component" : 0.86090755462646484,
    "Alpha Component" : 1,
    "Green Component" : 0.83987277746200562
  },
  "Foreground Color" : {
    "Red Component" : 0.66436868906021118,
    "Color Space" : "sRGB",
    "Blue Component" : 0.75418013334274292,
    "Alpha Component" : 1,
    "Green Component" : 0.69910174608230591
  },
  "Working Directory" : "\/Users\/arthur\/Code",
  "Blinking Cursor" : false,
  "Disable Window Resizing" : true,
  "Sync Title" : false,
  "Prompt Before Closing 2" : false,
  "BM Growl" : true,
  "Mouse Reporting" : true,
  "Command" : "",
  "AWDS Window Option" : "Yes",
  "AWDS Pane Directory" : "",
  "Screen" : -1,
  "Selection Color" : {
    "Red Component" : 0.23768070340156555,
    "Color Space" : "sRGB",
    "Blue Component" : 0.32246583700180054,
    "Alpha Component" : 1,
    "Green Component" : 0.26751768589019775
  },
  "Description" : "Default",
  "Initial Use Transparency" : true,
  "Only The Default BG Color Uses Transparency" : true,
  "Columns" : 165,
  "Idle Code" : 0,
  "AWDS Window Directory" : "~\/Code\/",
  "Ansi 13 Color" : {
    "Red Component" : 0.82171708345413208,
    "Color Space" : "sRGB",
    "Blue Component" : 0.89404469728469849,
    "Alpha Component" : 1,
    "Green Component" : 0.56925266981124878
  },
  "Space" : 0,
  "Custom Command" : "No",
  "ASCII Anti Aliased" : true,
  "Non Ascii Font" : "Monaco 12",
  "Vertical Spacing" : 1,
  "Use Bold Font" : true,
  "Option Key Sends" : 0,
  "Selected Text Color" : {
    "Red Component" : 0.66436868906021118,
    "Color Space" : "sRGB",
    "Blue Component" : 0.75418013334274292,
    "Alpha Component" : 1,
    "Green Component" : 0.69910174608230591
  },
  "Background Color" : {
    "Red Component" : 0.094117648899555206,
    "Color Space" : "sRGB",
    "Blue Component" : 0.12156862765550613,
    "Alpha Component" : 1,
    "Green Component" : 0.10196078568696976
  },
  "Character Encoding" : 4,
  "Ansi 11 Color" : {
    "Red Component" : 0.85806888341903687,
    "Color Space" : "sRGB",
    "Blue Component" : 0.3622015118598938,
    "Alpha Component" : 1,
    "Green Component" : 0.59302353858947754
  },
  "Use Italic Font" : true,
  "Unlimited Scrollback" : true,
  "Keyboard Map" : {
    "0x33-0x200000-0x0" : {
      "Action" : 12,
      "Text" : "3"
    },
    "0x2f-0x200000-0x0" : {
      "Action" : 12,
      "Text" : "\/"
    },
    "0x3-0x200000-0x0" : {
      "Action" : 11,
      "Text" : "0xd"
    },
    "0x38-0x200000-0x0" : {
      "Action" : 12,
      "Text" : "8"
    },
    "0xf728-0x80000-0x0" : {
      "Action" : 10,
      "Text" : "d"
    },
    "0xf70e-0x20000-0x0" : {
      "Action" : 10,
      "Text" : "[23;2~"
    },
    "0xf701-0x220000-0x0" : {
      "Action" : 10,
      "Text" : "[1;2B"
    },
    "0x32-0x40000-0x0" : {
      "Action" : 11,
      "Text" : "0x00"
    },
    "0xf700-0x240000-0x0" : {
      "Action" : 10,
      "Text" : "[1;5A"
    },
    "0xf703-0x220000-0x0" : {
      "Action" : 10,
      "Text" : "[1;2C"
    },
    "0xf70b-0x20000-0x0" : {
      "Action" : 10,
      "Text" : "[19;2~"
    },
    "0xf702-0x240000-0x0" : {
      "Action" : 10,
      "Text" : "[1;5D"
    },
    "0xf701-0x280000" : {
      "Action" : 11,
      "Text" : "0x1b 0x1b 0x5b 0x42"
    },
    "0xf701-0x260000-0x0" : {
      "Action" : 10,
      "Text" : "[1;6B"
    },
    "0xf72b-0x40000-0x0" : {
      "Action" : 10,
      "Text" : "[1;5F"
    },
    "0xf703-0x260000-0x0" : {
      "Action" : 10,
      "Text" : "[1;6C"
    },
    "0x31-0x200000-0x0" : {
      "Action" : 12,
      "Text" : "1"
    },
    "0xf702-0x280000-0x0" : {
      "Action" : 10,
      "Text" : "b"
    },
    "0x2d-0x200000-0x0" : {
      "Action" : 12,
      "Text" : "-"
    },
    "0xf709-0x20000-0x0" : {
      "Action" : 10,
      "Text" : "[17;2~"
    },
    "0xf700-0x280000" : {
      "Action" : 11,
      "Text" : "0x1b 0x1b 0x5b 0x41"
    },
    "0x36-0x200000-0x0" : {
      "Action" : 12,
      "Text" : "6"
    },
    "0xf706-0x20000-0x0" : {
      "Action" : 10,
      "Text" : "[1;2R"
    },
    "0x36-0x40000-0x0" : {
      "Action" : 11,
      "Text" : "0x1e"
    },
    "0xf729-0x40000-0x0" : {
      "Action" : 10,
      "Text" : "[1;5H"
    },
    "0x2d-0x40000-0x0" : {
      "Action" : 11,
      "Text" : "0x1f"
    },
    "0xf702-0x300000-0x0" : {
      "Action" : 11,
      "Text" : "0x1"
    },
    "0x7f-0x80000-0x0" : {
      "Action" : 11,
      "Text" : "0x1b 0x7f"
    },
    "0x33-0x40000-0x0" : {
      "Action" : 11,
      "Text" : "0x1b"
    },
    "0x2b-0x200000-0x0" : {
      "Action" : 12,
      "Text" : "+"
    },
    "0x34-0x200000-0x0" : {
      "Action" : 12,
      "Text" : "4"
    },
    "0xf70d-0x20000-0x0" : {
      "Action" : 10,
      "Text" : "[21;2~"
    },
    "0xf72b-0x20000-0x0" : {
      "Action" : 10,
      "Text" : "[1;2F"
    },
    "0x39-0x200000-0x0" : {
      "Action" : 12,
      "Text" : "9"
    },
    "0xf70a-0x20000-0x0" : {
      "Action" : 10,
      "Text" : "[18;2~"
    },
    "0x37-0x40000-0x0" : {
      "Action" : 11,
      "Text" : "0x1f"
    },
    "0xf708-0x20000-0x0" : {
      "Action" : 10,
      "Text" : "[15;2~"
    },
    "0xf729-0x20000-0x0" : {
      "Action" : 10,
      "Text" : "[1;2H"
    },
    "0xf700-0x220000-0x0" : {
      "Action" : 10,
      "Text" : "[1;2A"
    },
    "0xf705-0x20000-0x0" : {
      "Action" : 10,
      "Text" : "[1;2Q"
    },
    "0xf702-0x220000-0x0" : {
      "Action" : 10,
      "Text" : "[1;2D"
    },
    "0x2e-0x200000-0x0" : {
      "Action" : 12,
      "Text" : "."
    },
    "0x32-0x200000-0x0" : {
      "Action" : 12,